{"min_S": 104.13217873807804, "min_V": 124.49360476192702}