{"min_S": 94.44670421915973, "min_V": 132.8572937546943}