{"min_S": 77.49655086375824, "min_V": 146.59150231121902}