{"min_S": 80.75908803358277, "min_V": 120.30671091338253}