{"min_S": 148.25438440055117, "min_V": 186.98936227507684}